{
  "type": "minecraft:block",
  "pools": [
    {
      "rolls": 1,
      "entries": [
        {
          "type": "minecraft:item",
          "conditions": [
            {
                "condition": "minecraft:block_state_property",
                "block": "lightmanscurrency:atm",
                "properties": {
                    "bottom": "true"
                }
            }
          ],
          "name": "lightmanscurrency:atm"
        }
      ],
      "conditions": [
        {
          "condition": "minecraft:survives_explosion"
        }
      ]
    }
  ]
}