{
  "type": "lightmanscurrency:crafting_wallet_upgrade",
  "group": "wallet_upgrades",
  "ingredients": [
    {
      "item": "lightmanscurrency:wallet_copper"
    },
    {
      "tag": "forge:ingots/iron"
    },
    {
      "tag": "forge:ingots/gold"
    },
    {
      "tag": "forge:gems/emerald"
    },
    {
      "tag": "forge:gems/diamond"
    },
    {
      "tag": "forge:ingots/netherite"
    }
  ],
  "result": {
    "item": "lightmanscurrency:wallet_netherite"
  }
}