{
    "parent": "lightmanscurrency:currency/myfirstpenny",
    "display": {
        "icon": {
            "item": "lightmanscurrency:atm"
        },
        "title": {
            "translate": "advancements.lightmanscurrency.atm.title"
        },
        "description": {
            "translate": "advancements.lightmanscurrency.atm.description"
        }
    },
    "criteria": {
        "atm_block": {
            "trigger": "minecraft:inventory_changed",
            "conditions": {
                "items": [
                    {
                        "tag": "lightmanscurrency:atm"
                    }
                ]
            }
        }
    }
}