{
    "parent": "lightmanscurrency:currency/myfirstpenny",
    "display": {
        "icon": {
            "item": "lightmanscurrency:cash_register"
        },
        "title": {
            "translate": "advancements.lightmanscurrency.cash_register.title"
        },
        "description": {
            "translate": "advancements.lightmanscurrency.cash_register.description"
        }
    },
    "criteria": {
        "cash_register": {
            "trigger": "minecraft:inventory_changed",
            "conditions": {
                "items": [
                    {
                        "items":["lightmanscurrency:cash_register"]
                    }
                ]
            }
        }
    }
}