{
    "parent": "lightmanscurrency:currency/myfirstpenny",
    "display": {
        "icon": {
            "item": "lightmanscurrency:coinmint"
        },
        "title": {
            "translate": "advancements.lightmanscurrency.coin_mint.title"
        },
        "description": {
            "translate": "advancements.lightmanscurrency.coin_mint.description"
        }
    },
    "criteria": {
        "coin_mint": {
            "trigger": "minecraft:inventory_changed",
            "conditions": {
                "items": [
                    {
                        "items": ["lightmanscurrency:coinmint"]
                    }
                ]
            }
        }
    }
}