{
    "parent": "lightmanscurrency:currency/wallet_crafting",
    "display": {
        "icon": {
            "item": "lightmanscurrency:wallet_diamond",
            "nbt": "{Enchantments:[{id:\"lightmanscurrency:coin_magnet\",lvl:1}]}"
        },
        "title": {
            "translate": "advancements.lightmanscurrency.enchanted_wallet.title"
        },
        "description": {
            "translate": "advancements.lightmanscurrency.enchanted_wallet.description"
        },
        "frame": "goal"
    },
    "criteria": {
        "enchanted_wallet": {
            "trigger": "minecraft:inventory_changed",
            "conditions": {
                "items": [
                    {
                        "tag": "lightmanscurrency:wallet",
                        "enchantments": [
                            {
                                "enchantment": "lightmanscurrency:coin_magnet",
                                "levels": {
                                    "min": 1,
                                    "max": 255
                                }
                            }
                        ]
                    }
                ]
            }
        }
    }
}