{
    "parent": "lightmanscurrency:currency/wallet_crafting",
    "display": {
        "icon": {
            "item": "lightmanscurrency:wallet_netherite"
        },
        "title": {
            "translate": "advancements.lightmanscurrency.netherite_wallet.title"
        },
        "description": {
            "translate": "advancements.lightmanscurrency.netherite_wallet.description"
        },
        "frame": "goal"
    },
    "criteria": {
        "netherite_wallet": {
            "trigger": "minecraft:inventory_changed",
            "conditions": {
                "items": [
                    {
                        "items":["lightmanscurrency:wallet_netherite"]
                    }
                ]
            }
        }
    }
}