{
    "parent": "lightmanscurrency:currency/trading_core",
    "display": {
        "icon": {
            "item": "lightmanscurrency:armor_display"
        },
        "title": {
            "translate": "advancements.lightmanscurrency.specialty_trader.title"
        },
        "description": {
            "translate": "advancements.lightmanscurrency.specialty_trader.description"
        }
    },
    "criteria": {
        "specialty_trader": {
            "trigger": "minecraft:inventory_changed",
            "conditions": {
                "items": [
                    {
                        "tag": "lightmanscurrency:trader_specialty"
                    }
                ]
            }
        }
    }
}