{
    "parent": "lightmanscurrency:currency/network_trader",
    "display": {
        "icon": {
            "item": "lightmanscurrency:item_trader_interface"
        },
        "title": {
            "translate": "advancements.lightmanscurrency.trader_interface.title"
        },
        "description": {
            "translate": "advancements.lightmanscurrency.trader_interface.description"
        }
    },
    "criteria": {
        "trader_interface": {
            "trigger": "minecraft:inventory_changed",
            "conditions": {
                "items": [
                    {
                        "tag": "lightmanscurrency:trader_interface"
                    }
                ]
            }
        }
    }
}