{
    "parent": "lightmanscurrency:currency/myfirstpenny",
    "display": {
        "icon": {
            "item": "lightmanscurrency:wallet_copper"
        },
        "title": {
            "translate": "advancements.lightmanscurrency.wallet_crafting.title"
        },
        "description": {
            "translate": "advancements.lightmanscurrency.wallet_crafting.description"
        }
    },
    "criteria": {
        "wallet": {
            "trigger": "minecraft:inventory_changed",
            "conditions": {
                "items": [
                    {
                        "tag": "lightmanscurrency:wallet"
                    }
                ]
            }
        }
    }
}