{
  "type": "minecraft:crafting_shapeless",
  "group": "coinpile_from_coin",
  "ingredients": [
    {
      "item": "lightmanscurrency:coin_gold"
    },
    {
      "item": "lightmanscurrency:coin_gold"
    },
    {
      "item": "lightmanscurrency:coin_gold"
    },
    {
      "item": "lightmanscurrency:coin_gold"
    },
    {
      "item": "lightmanscurrency:coin_gold"
    },
    {
      "item": "lightmanscurrency:coin_gold"
    },
    {
      "item": "lightmanscurrency:coin_gold"
    },
    {
      "item": "lightmanscurrency:coin_gold"
    },
    {
      "item": "lightmanscurrency:coin_gold"
    }
  ],
  "result": {
    "item": "lightmanscurrency:coinpile_gold"
  }
}